"text","label"
"Tyrese Haliburton's assist-to-turnover ratio this playoffs (4.2) is the best of any primary ball-handler in the last 10 years. The Pacers' half-court offense runs through pick-and-roll reads that most teams can't replicate without a PG of his caliber.","analysis"
"People forget that the '16 Warriors had the easiest path to the Finals in recent memory. Only one team they faced finished above .550. Context matters when comparing dynasties.","analysis"
"Offensively the Pacers rank 4th in pace and 7th in points in the paint this season. Their transition offense generates 18.3 PPG which is 2nd in the league. This is a system built around speed not star power.","analysis"
"Haliburton's clutch time stats this season: 31.2% usage rate (8th in the league), 52% TS in clutch situations. He is legitimately elite in the moments that matter, the data backs it up.","analysis"
"The Celtics' defensive rating (109.4) in the postseason is nearly 6 points better than their regular season mark. Playoff rotations and scheme adjustments account for about half that gap historically. The other half is matchup-driven.","analysis"
"Mitchell Robinson's offensive rebounding rate (18.7%) would rank 1st among all centers if he played enough minutes to qualify. The Knicks are leaving 4-5 extra possessions per game on the table by not playing him 30+ minutes.","analysis"
"OKC's young core has the highest net rating differential between regular season and first round (+8.3) of any #1 seed since the '18 Warriors. Their defensive scheme adjusts faster than any team in the league.","analysis"
"Historical comparison: the Pacers' current 3-point attempt rate (42% of all shots) is comparable to the '19 Rockets. Their shot distribution says championship contender even if the roster doesn't look like one on paper.","analysis"
"Jokic has posted a 35+ point, 15+ rebound, 10+ assist game this postseason. That triple-double threshold at those levels has happened exactly three times in playoff history before this year.","analysis"
"The Knicks' offensive efficiency drops 8.4 points when Brunson plays with two other guards vs. when he plays alongside two wings. The lineup construction problem is real and documented.","analysis"
"Boston's three-point shooting in the playoffs (38.4%) is 4 points higher than league average in the same sample. Regression is coming ? teams shooting this well over a 20-game stretch almost always see a correction in the Finals.","analysis"
"Luka's isolation efficiency this postseason (1.12 PPP) is in the 93rd percentile league-wide. He is being guarded by the best defenders available and still generating elite outcomes. That is not luck.","analysis"
"The refs gave Cleveland 4 extra free throws per game in this series relative to their season average. That's a meaningful tilt ? 4 FT attempts at 75% accuracy is 3 points per game.","analysis"
"SGA has the highest true shooting percentage among guards averaging 25+ points this season (63.1%). For context, that's better than Steph Curry's peak TS seasons at similar usage.","analysis"
"Tatum's off-ball movement creates 6.2 open looks per game that teammates convert at 41% from three. His gravity is real even when his own shot isn't falling.","analysis"
"The Pacers' bench unit has a +8.3 net rating in the playoffs ? best among all second units. That's sustainable because it's built on turnovers (they force 18.4 per 100 possessions with the bench lineup) not shooting variance.","analysis"
"When Bam Adebayo plays 35+ minutes Miami wins 71% of games. When he plays under 30 they win 43%. There is a direct causal relationship between his minutes and their outcomes that the coaching staff keeps ignoring.","analysis"
"Giannis averages 31.4 points in the paint per game this season, the highest of any player since Shaquille O'Neal in 2001. The comparison is uncomfortable but statistically valid.","analysis"
"The Suns' defensive scheme is the oldest in the league ? their drop coverage works against mid-range heavy offenses but gives up 1.18 PPP on pick-and-roll to shooters. Every team with above-average corner three shooting has exploited this.","analysis"
"LeBron's PER in his age-39 season (23.1) is higher than every Hall-of-Famer except Jordan at equivalent ages. The durability argument is over ? he is statistically defying the aging curve.","analysis"
"Curry's off-dribble three-point shooting (43.2% this season) is 8 points better than the next best shooter in the same sample. No one else in the league attempts that volume at that efficiency.","analysis"
"Minnesota's switch-everything defense allows 0.84 PPP on all isolation ? that is elite. Their transition defense (0.98 PPP) is where they are vulnerable. Dallas should be pushing pace on every possession.","analysis"
"Durant's scoring efficiency (63% TS) this postseason is higher than any player averaging 25+ points. He is the most efficient volume scorer in playoff history by this measure.","analysis"
"The Warriors' dynasty window from 2015-2019 produced a 68% win rate in playoff games. No other team in the three-point era has sustained that level of postseason dominance over a 5-year span.","analysis"
"Anthony Edwards' usage rate in the playoffs (32.4%) combined with his 58.4% TS is a historically rare combination. Players at this usage level typically post TS closer to 54-55%.","analysis"
"Wembanyama's block rate (7.4%) as a rookie is 1.8 standard deviations above the mean for first-year big men in the shot-blocking era. His defensive impact is not projection ? it is already elite.","analysis"
"The Thunder have allowed the fewest points in the paint per game (38.2) in the postseason, down from an already elite 42.1 in the regular season. Their drop coverage adjustments are working.","analysis"
"Doncic shoots 47% on pull-up jumpers from 15-19 feet. That mid-range zone is where defenses concede to prevent the three, and he is punishing them for it at a higher rate than any player since Dirk.","analysis"
"Cleveland's turnover rate (11.2%) is the lowest in the league this postseason. For a team that relies on transition scoring, protecting possession is the single biggest factor in their success.","analysis"
"The Celtics have won 84% of their playoff games when they make 14+ three-pointers. They are 44% from three as a team this postseason. The model is working exactly as designed.","analysis"
"Kawhi Leonard's load management has correlated with a 12-game playoff longevity benefit on average versus comparable wings who played full seasons. The data supports the decision even when the optics don't.","analysis"
"OKC's pace of play (103.2 possessions per game) is the highest in the league. At that pace they generate 8.6 extra possessions per game versus a league-average team. Each possession is worth roughly 1.1 points. That is a structural advantage.","analysis"
"Brunson's late-game isolation (last 5 minutes of close games): 1.14 PPP, 27 possessions this playoffs. That is All-NBA closer territory. He is not just a regular season guy.","analysis"
"Portland's rebuild is ahead of schedule by every metric ? their developmental pipeline has produced three players who outperformed their draft slot by at least 15 WAR-equivalent points. That front office deserves more credit.","analysis"
"Miami's zone defense forces opponents into 24% mid-range shot rates (league average is 17%). Mid-range shots are inefficient ? that's the point. They are trading volume for quality in a way most teams cannot sustain.","analysis"
"The Nuggets' three-peat probability based on historical models: 22%. Every team that has won back-to-back since 2005 has faced roster attrition via salary cap. Denver has three players entering extension years simultaneously.","analysis"
"Jaylen Brown's defense this postseason ? opponent field goal percentage when he is the primary defender (42.1%) is 6 points below their season average. His defensive impact is being undersold in MVP conversations.","analysis"
"Victor Wembanyama's PER through his first 50 games (24.8) is the highest for any center since Shaquille O'Neal's 1992-93 season. He is historically ahead of every modern big man development curve.","analysis"
"Trae Young's net rating on the road in playoff games (-9.2) vs. at home (+5.1) is the largest home/away differential among primary ball-handlers. The crowd noise impact on his hearing-dependent play-calling is a real and measurable factor.","analysis"
"The Pacers' winning formula is simple in the data: when they force 16+ turnovers they are 11-1. When they force fewer than 14 they are 2-8. Turnovers are not incidental to their system ? they are the system.","analysis"
"LeBron James is the most overrated player in NBA history and it's not close.","hot_take"
"The Pacers are going to win the championship this year. I don't care what anyone says.","hot_take"
"Jordan would average 50 points per game in today's NBA. The rules are soft and the defense is non-existent.","hot_take"
"Tatum is not a superstar. He is a very good player on a great team. Stop comparing him to Kobe.","hot_take"
"The NBA is rigged. There is no way the league allows small-market teams to win. It has always been about storylines.","hot_take"
"Haliburton is better than Luka right now and I will die on this hill.","hot_take"
"Giannis is not an MVP-caliber player without European officiating. Put him in the Western Conference and he's a 5th seed.","hot_take"
"The Celtics are soft. Always have been. They cannot close out series when it matters.","hot_take"
"This Nuggets core has the highest ceiling of any team in the league. Jokic is making everyone around him better than they actually are.","hot_take"
"Westbrook was a better player than CP3 at their peaks. The triple-doubles were real basketball.","hot_take"
"The Warriors dynasty was a fluke. Golden State got lucky with injuries in 2015 and 2016 and then bought KD.","hot_take"
"Zion Williamson is going to be the best player in the league in two years. The talent is undeniable.","hot_take"
"Defense wins championships in the NBA is a myth. Offense wins in the modern game, full stop.","hot_take"
"The ref situation in this league is completely out of control. It's been rigged against small-market teams for two decades.","hot_take"
"Ben Simmons is the biggest bust in NBA history. Sheer waste of talent and draft capital.","hot_take"
"Kyrie Irving is the most talented ball-handler in basketball history and no one is close.","hot_take"
"The Heat culture is overrated. They get old guys to play hard for one season and then fall apart.","hot_take"
"LeBron leaving Cleveland the second time was more selfish than the first time and no one talks about it.","hot_take"
"Shaquille O'Neal would not survive in today's NBA. He was a bully ball center and the game has passed him by.","hot_take"
"Wembanyama is going to be the greatest player of all time. You are watching history and you don't even realize it.","hot_take"
"The Knicks are more interesting to watch than the Celtics right now. Championship pedigree is not the same as must-watch basketball.","hot_take"
"Steph Curry's rings are tainted because he had the best supporting cast in modern NBA history. He never had to carry a team.","hot_take"
"This is the best Pacers team since Reggie Miller and anyone who says otherwise is coping.","hot_take"
"The NBA 3-point line should be moved back to FIBA distance. The game has become a shooting contest and lost all its physicality.","hot_take"
"Watching Haliburton reminds me of peak CP3. Same floor vision, same shot selection, same late-game IQ.","hot_take"
"KD is the most skilled offensive player ever. Not Jordan, not LeBron. Kevin Durant.","hot_take"
"The Suns wasted the best years of Booker's career chasing the wrong pieces. That front office should be fired.","hot_take"
"Young superstar players today are softer than players from the 80s and 90s. The league has coddled them.","hot_take"
"Embiid is not a franchise player. He is a sidekick who needs a real star to win.","hot_take"
"The OKC dynasty is going to be the most dominant run since the Warriors. Everyone will realize it in 3 years.","hot_take"
"Rudy Gobert is the most overpaid player in the history of the sport. Three DPOYs and no rings.","hot_take"
"The Pacers win the title or it proves that pace-and-space basketball cannot beat elite defense. There is no middle ground.","hot_take"
"Devin Booker gets slept on nationally because he plays in Phoenix. On any other team he is a top-5 player.","hot_take"
"The media is pushing LeBron's legacy unfairly. Six Finals MVPs for Jordan vs. four for LeBron and it's not even a debate.","hot_take"
"Ja Morant would be a top-3 player in the league if he could stay healthy and stay focused. The talent is there.","hot_take"
"The draft is overrated as a team-building tool. Free agency wins championships in the modern era.","hot_take"
"SGA is the future MVP and it is not up for debate. Oklahoma City is going to run the league for the next decade.","hot_take"
"Luka Doncic is the best player in the world right now. No argument.","hot_take"
"The Eastern Conference is a joke. Three teams could beat every team in the East and they play in the West.","hot_take"
"Nikola Jokic is getting way too much credit for the Nuggets system. Aaron Gordon and Murray are doing the real work.","hot_take"
"Malone is the most overrated coach in the league. Anyone could coach Jokic to a championship.","hot_take"
"The NBA needs to go back to hand-checking rules. Point guards are embarrassingly coddled under the current officiating.","hot_take"
"Celtics fans are the worst fanbase in sports. Entitled and historically revisionist about their dynasty.","hot_take"
"James Harden had the most unguardable offensive season in NBA history during his 2018-19 year. No one else is close.","hot_take"
"Victor Wembanyama is overrated by the media because they need a new French star after the Tony Parker era.","hot_take"
"The Pacers have no business competing in this playoff field. They got lucky with the bracket draw.","hot_take"
"Jayson Tatum is a stat-padder who disappears in big moments. His numbers look better than they are.","hot_take"
"If Kawhi Leonard stays healthy the Clippers win the title every year he's in his prime. The talent is there.","hot_take"
"The play-in tournament is ruining the NBA. It cheapens the regular season and rewards teams for being mediocre.","hot_take"
"Derrick Rose's 2010-11 MVP season was better than anything LeBron has ever put together. The numbers don't lie.","hot_take"
"The refs lost us this game. There were 3 missed calls in the fourth quarter that cost us 6 points.","hot_take"
"Pacers in 6. You heard it here first.","hot_take"
"The Warriors dynasty ended the moment KD left. Everything since has been declining returns.","hot_take"
"TYRESE HALIBURTON WITH THE BUZZER BEATER OH MY GOD","reaction"
"I can't watch this team anymore. That was embarrassing.","reaction"
"NOOOOOO not like this bro. Not like this.","reaction"
"That block. I am going to scream. THE BLOCK.","reaction"
"Bro the Pacers just went up 15 in the third quarter LETS GOOOOO","reaction"
"I have been a fan for 20 years and I have never felt stress like this game","reaction"
"This game is giving me heart palpitations I need to sit down","reaction"
"HE IS ACTUALLY DOING IT. HALIBURTON IS TAKING OVER.","reaction"
"I cannot believe what I just watched. NBA basketball is actually insane.","reaction"
"My team is going to give me a heart attack I swear to god","reaction"
"THATS GAME. WE WIN. WE WIN. WE WIN!!!","reaction"
"I am so tired. This team drains every ounce of energy out of me every single night.","reaction"
"Can we please just stop fouling in the last minute it is literally killing me","reaction"
"The Celtics just went on a 14-0 run and I genuinely feel sick","reaction"
"LETS GOOO THREE-POINTER AT THE BUZZER I AM GOING INSANE","reaction"
"Watching this game is actual torture. I am turning it off. I am turning it off. Never mind I can't turn it off.","reaction"
"bro they scored 5 points in 6 minutes how","reaction"
"THAT DUNK. THAT DUNK. REPLAY IT REPLAY IT REPLAY IT.","reaction"
"I am shaking. I am literally shaking at this game right now.","reaction"
"The energy in that arena is electric I can feel it through the TV","reaction"
"FOUL. THAT WAS A FOUL. ARE YOU KIDDING ME WITH THIS REF","reaction"
"I do not care about the outcome anymore I just want everyone to get home safe","reaction"
"He missed the wide open three I CANNOT HANDLE THIS","reaction"
"THE COMEBACK IS REAL. DOWN 18 AND WE ARE BACK IN THIS.","reaction"
"That pass was the most beautiful thing I have ever seen in my life","reaction"
"I turned the game off and we went on a 12-0 run I am never watching again","reaction"
"please. please just make this free throw. i am begging.","reaction"
"OVERTIME. I AM NOT OKAY. OVERTIME.","reaction"
"This arena is louder than anything. I have chills watching this on TV.","reaction"
"I hate this team. I love this team. I hate this team. They just hit a three.","reaction"
"That was one of the best plays I have ever seen in my life and I have been watching since 1998","reaction"
"WE ARE GOING TO THE FINALS. I DON'T BELIEVE IT.","reaction"
"That timeout call was the worst coaching decision I have ever witnessed live","reaction"
"This bench mob is going absolutely insane right now oh my god","reaction"
"I literally screamed so loud my neighbor knocked on my wall. Sorry Dave.","reaction"
"The way this game ended. I need a minute. I genuinely need a minute.","reaction"
"THE PACERS KEEP DOING THIS AND I KEEP FALLING FOR IT AND I LOVE IT","reaction"
"HOW IS THAT NOT A FOUL. WHAT IS HAPPENING.","reaction"
"I have watched every game this season and this one hurt the most. Just devastated.","reaction"
"DOWN BY 1 WITH 4 SECONDS LEFT I CANNOT BREATHE","reaction"
"best sports moment of my life and I was watching from my couch in a college dorm","reaction"
"I screamed so loud at that buzzer beater my dog ran out of the room","reaction"
"We just blew a 20 point lead. I need to go for a walk. BRB.","reaction"
"GAME WINNER. GAME WINNER. GAME WINNER!!!!! HALIBURTON!!!","reaction"
"This is why I watch basketball. Right here. This exact moment.","reaction"
"I can't believe I just watched that. My hands are shaking.","reaction"
"NOT LIKE THIS. PLEASE NOT LIKE THIS.","reaction"
"These last two minutes are going to give me an ulcer I swear","reaction"
"The arena is ROCKING right now. Loudest crowd I've heard all season.","reaction"
"I have no more words. That game took everything out of me.","reaction"
"That missed free throw is going to haunt me for weeks","reaction"
"DOWN 3 WITH 30 SECONDS THEY CAN DO THIS THEY CAN DO THIS","reaction"
"My heart cannot take these close games anymore. It simply cannot.","reaction"
"AND THE FOUL. AND ONE. AND ONE. LETS GOOOOOOO.","reaction"
"I turned the game on during the 4th quarter and I am now a nervous wreck. Thanks.","reaction"
"That three pointer. That was the entire season right there. Everything.","reaction"
"I LITERALLY JUMPED OFF MY COUCH AND MY PHONE FLEW ACROSS THE ROOM","reaction"
"Absolutely incredible finish. Don't care about the result. Pure basketball.","reaction"
"I give up on this team every single year and they keep pulling me back. Classic Pacers.","hot_take"
"This is the worst officiating I've seen in 20 years of watching basketball.","hot_take"
"The Pacers bench is the most underrated unit in the league right now. Nobody is talking about it.","hot_take"
"If the Knicks don't win it this year with this roster they need to blow it up.","hot_take"
"The MVP award is broken. It has not gone to the most valuable player in at least 5 years.","hot_take"
"Second apron rules are destroying parity in the NBA. Small market teams have no path to competing.","hot_take"
"Luka Doncic is allergic to playing defense and until that changes he will never win a ring.","hot_take"
"Brook Lopez is criminally underappreciated. Put him on any contender and they win 5 more games.","hot_take"
"The media pushed this narrative that any bad Celtics loss is a Tatum problem and it is exhausting.","hot_take"
"Donovan Mitchell is a better player than Jaylen Brown and it is not close. The numbers support this.","hot_take"
"This Lakers era is the most disappointing run in franchise history. Complete mismanagement top to bottom.","hot_take"
"Bam Adebayo should have won Defensive Player of the Year three times. The voters don't watch games.","hot_take"
"The NBA schedule is too long. Players are tired by the playoffs and the regular season is meaningless.","hot_take"
"Playoff p is a myth invented by people who don't watch the regular season.","hot_take"
"Anthony Davis is a top-3 player in the world when he is healthy. The problem is the when.","hot_take"
"De'Aaron Fox is underrated nationally because Sacramento doesn't get national games. He is a genuine star.","hot_take"
"The Warriors should trade everyone and rebuild. The window is closed and pretending otherwise is delusion.","hot_take"
"Monty Williams is a bad coach and the Suns are proof. That contract was one of the worst decisions in league history.","hot_take"
"Devin Booker will never win a championship. He is not built for it.","hot_take"
"Mikal Bridges was the most important piece of the Nets trade to the Knicks and everyone knows it.","hot_take"
"The Celtics have the best regular season team in the league and it isn't particularly close.","hot_take"
"Damian Lillard to Milwaukee was the most desperate trade in recent memory and it has not paid off.","hot_take"
"Jalen Brunson is being paid superstar money for role player production. The Knicks are trapped.","hot_take"
"Chris Paul destroyed the Suns from within. One of the most selfish locker room presences in modern NBA history.","hot_take"
"Udonis Haslem should have retired 5 years before he actually did. He was hurting the Heat.","hot_take"
"James Harden is still elite and teams are wrong to dismiss him because of the beard and the drama.","hot_take"
"Tyrese Haliburton is the most fun player to watch in the league right now. I will not hear otherwise.","hot_take"
"The Knicks' whole identity is built around toughness and grit and this series against Boston will prove whether that is real.","hot_take"
"Karl-Anthony Towns will never win a playoff series as a first option. He does not have the mentality.","hot_take"
"NBA players today have no idea how to play physical defense. The rule changes ruined the defensive side of the game.","hot_take"
"The Bucks traded their championship window to sign Khris Middleton to that max contract. History will not be kind.","hot_take"
"Haliburton's usage rate in clutch situations this season (31.2%) is the highest on the team and 8th in the league. The offense runs through him by design.","analysis"
"This refs tonight man. Every call went against us.","reaction"
"LeBron never had to deal with the pressure Tyrese is under right now.","hot_take"
"The Pacers are built different this year. Championship or bust, no excuses.","hot_take"
"NOOOO HE MISSED THAT FREE THROW I CANNOT","reaction"
"The Celtics' switch-everything scheme is generating turnovers at a rate (16.2 per 100 possessions) that historically correlates with deep playoff runs. Teams that force this many turnovers go at least to the conference finals 73% of the time.","analysis"
"Pacers fans are some of the most loyal in the league. That arena is always loud.","reaction"
"Jayson Tatum is the best two-way player in the Eastern Conference and he doesn't get enough credit for it.","hot_take"
"Wait did they just go up by 20? checking score...yes. YES. YES.","reaction"
"The Thunder's youth movement is the most sustainable rebuild in the league. They have four first-round picks in the next two drafts and a core under 24.","analysis"
"Luka is doing Luka things again in the fourth quarter. Nobody can stop this man.","hot_take"
"I CANNOT BELIEVE WE JUST WON THAT GAME. THAT WAS INCREDIBLE.","reaction"
"Boston's offensive efficiency with Tatum and Brown on the floor together (119.4) drops to 112.1 when Brown is the primary creator. They are a Tatum-centric offense pretending to be a co-star system.","analysis"
"The Eastern Conference Finals is going to be the most watched series in 15 years. Both fanbases are massive.","hot_take"
"Every single person on this planet needs to watch this game right now.","reaction"
"Miami's zone defense forces teams into 29% mid-range shot rates (league average 17%). That is not an accident. It is the entire scheme.","analysis"
"Nobody is doing it like Indiana right now. Nobody.","reaction"
"The Nuggets need to add a wing defender in the offseason or they will fall in the second round again next year.","hot_take"
"That steal and slam dunk is the play of the postseason. Put it on the poster.","reaction"
"I actually think the Knicks have the best frontcourt depth in the league right now and I'm not joking.","hot_take"
"Gobert's defensive impact metrics (DRTG -5.8 when he plays vs. off) are the highest among centers not named Wembanyama. The narrative that he can't defend the pick-and-roll is outdated ? the scheme adapted.","analysis"
"THERE IS NO WAY. THERE IS LITERALLY NO WAY THAT JUST HAPPENED.","reaction"
"Jokic's help defense positioning is more sophisticated than any big man in the modern era. His rotations generate scramble situations rather than just shot blocks.","analysis"
"We're going to look back on this era of Pacers basketball and miss it. Enjoy it while it lasts.","hot_take"
"DOWN BY 3. 8 SECONDS. HALIBURTON BALL. LETS GOOOOO.","reaction"
"Nobody in this league works harder than Bam Adebayo and I'll defend that until the day I die.","hot_take"
"Milwaukee's early exit is completely on Giannis. He plays no defense in the fourth quarter of close games.","hot_take"
"Cleveland's ball movement (26.2 passes leading to shot per 100 possessions) is the highest in the playoffs. Their offense works because no one player holds it more than 2 seconds.","analysis"
"That might have been the worst coaching decision in NBA playoff history. I need a moment.","reaction"
"The Pacers' pace creates so many second-chance opportunities that their rebounding rate (52.1% offensive) is actually below average. They're creating possessions through pace not glass.","analysis"
"I've watched NBA basketball since I was 8 years old and this team brings me more joy than any of them.","reaction"
"Siakam was the most undervalued trade piece Indiana got. He's a top-15 player in the league right now.","hot_take"
"Anthony Edwards just jumped into the top 5 players in the league with that performance. Officially.","hot_take"
"THE BLOCK. THE BLOCK. THE BLOCK FROM BEHIND.","reaction"
"Minnesota's pick-and-roll defense (0.82 PPP allowed) is the best in the league. They hedge at exactly the right depth to prevent both the dive and the pull-up.","analysis"
"I have never been prouder of a team that did not win. That effort was everything.","reaction"
"SGA will win 3 MVPs in a row starting next year. Mark this post.","hot_take"
"The Celtics are going to win the title this year. I said it last year and I'm saying it again.","hot_take"
"That was the single greatest individual playoff performance I have witnessed in person.","reaction"
"Anthony Davis has the highest peak in the league when he is locked in. He is just never locked in.","hot_take"
"The Knicks' turnovers (14.3 per game in the series) directly correlate with their halftime deficits. Every blowout loss has been preceded by a 6+ turnover first half.","analysis"
"I don't care what anyone says. That team plays with more heart than any squad I've rooted for.","reaction"
"Ja Morant is a culture problem and the Grizzlies need to make a decision before his contract runs out.","hot_take"
"Milwaukee's bench scored 14 points in 48 minutes of game action. That is the whole story.","analysis"
"There is no greater feeling in sports than watching your team hit a buzzer-beater in a playoff game.","reaction"
"Kawhi Leonard will never be healthy enough to win a championship again. The ship has sailed.","hot_take"
"The Heat's second-half adjustments by Spoelstra are the best in-game coaching in the league. They changed their defensive coverage three times in that fourth quarter.","analysis"
"This is not the time for cool heads. This team just broke my heart AGAIN.","reaction"
"Paul George has been the most disappointing max contract in the last decade. Consistent underperformance on the biggest stages.","hot_take"
"Denver's transition defense (0.92 PPP allowed on the break) is 8th in the league. When teams push pace against them they are vulnerable, which is exactly what Indiana is trying to exploit.","analysis"
"Whatever happens in this series I am just grateful to watch this team compete.","reaction"
"Devin Booker is a certified bucket and I don't care what the advanced metrics say.","hot_take"
"Philly's offensive sets in the fourth quarter of games 3 and 4 were exactly the same. No adjustments. That is a coaching problem.","analysis"
"I've cried twice during this series and I'm not embarrassed about it.","reaction"
"Wembanyama's shot rejection angle and recovery time are physically impossible. He should not be able to do the things he does.","hot_take"
"Boston's defensive switching worked because they hid Al Horford on the weakest offensive player in every lineup. Take away that safety valve and the scheme breaks.","analysis"
"That was the worst quarter of basketball I have seen all season. I want a refund.","reaction"
"The Pacers are genuinely the most fun team to watch in the league right now and it is not close.","hot_take"
"Indiana's defense ranked 18th in the regular season but has improved to 11th in the playoffs. The difference is effort and focus on opponent tendencies, not scheme.","analysis"
"First time going to a playoff game and I am absolutely speechless. Nothing like this.","reaction"
"Jaylen Brown is more valuable than Tatum on the defensive end and people will figure that out eventually.","hot_take"
"The Warriors' dynasty peaked in 2017 and every season since has been managed decline. The numbers bear this out across every efficiency metric.","analysis"
"WE ARE GOING TO THE EASTERN CONFERENCE FINALS I AM SCREAMING IN MY CAR","reaction"
"Myles Turner is the most important player on this team and nobody outside of Indiana knows it.","hot_take"
"Cleveland's net rating in the fourth quarter of close games (+6.2) is the best in the league. They are not blowing leads by accident ? they are a fundamentally sound late-game team.","analysis"
"WHAT A SEASON. WHAT A TEAM. I LOVE EVERY SINGLE ONE OF THEM.","reaction"
"Mitchell is not the same player he was in Utah. The pressure of New York has changed him.","hot_take"
"Portland is four years away from competing. I do not want to hear about the playoffs until then.","hot_take"
"The whole arena just stood up at once. Nothing compares to being at a game 7.","reaction"
"Denver's halfcourt offense (118.3 offensive rating in halfcourt situations) is the most efficient in the postseason. They do not need pace to score.","analysis"
